"FullName","Length","LastWriteTime","Attributes"
"C:\tac-portal\.auth",,"1/22/2026 2:49:06 AM","Directory"
"C:\tac-portal\.git",,"1/22/2026 9:32:03 AM","Hidden, Directory"
"C:\tac-portal\.github",,"1/22/2026 8:51:56 AM","Directory"
"C:\tac-portal\.vscode",,"1/18/2026 12:21:22 AM","Directory"
"C:\tac-portal\.windsurf",,"1/22/2026 6:01:07 AM","Directory"
"C:\tac-portal\app",,"1/20/2026 1:53:13 AM","Directory"
"C:\tac-portal\cleanup",,"1/22/2026 9:32:02 AM","Directory"
"C:\tac-portal\components",,"1/22/2026 6:01:07 AM","Directory"
"C:\tac-portal\config",,"1/20/2026 1:53:13 AM","Directory"
"C:\tac-portal\CSS-Docs",,"1/21/2026 1:21:56 AM","Directory"
"C:\tac-portal\dist",,"1/22/2026 8:19:08 AM","Directory"
"C:\tac-portal\docs",,"1/22/2026 9:03:11 AM","Directory"
"C:\tac-portal\hooks",,"1/22/2026 8:51:56 AM","Directory"
"C:\tac-portal\label-design",,"1/20/2026 1:53:13 AM","Directory"
"C:\tac-portal\lib",,"1/22/2026 8:51:56 AM","Directory"
"C:\tac-portal\pages",,"1/22/2026 8:51:56 AM","Directory"
"C:\tac-portal\playwright-report",,"1/22/2026 6:25:22 AM","Directory"
"C:\tac-portal\public",,"1/22/2026 6:01:08 AM","Directory"
"C:\tac-portal\scripts",,"1/22/2026 6:01:08 AM","Directory"
"C:\tac-portal\store",,"1/22/2026 8:51:56 AM","Directory"
"C:\tac-portal\supabase",,"1/20/2026 1:53:14 AM","Directory"
"C:\tac-portal\test-results",,"1/22/2026 6:25:22 AM","Directory"
"C:\tac-portal\tests",,"1/22/2026 6:01:08 AM","Directory"
"C:\tac-portal\testsprite_tests",,"1/22/2026 6:01:08 AM","Directory"
"C:\tac-portal\types",,"1/22/2026 8:51:56 AM","Directory"
"C:\tac-portal\.codeqlignore","714","1/22/2026 8:51:56 AM","Archive"
"C:\tac-portal\.env.example","2045","1/22/2026 6:01:07 AM","Archive"
"C:\tac-portal\.env.local","1282","1/21/2026 11:39:16 PM","Archive"
"C:\tac-portal\.env.test.example","657","1/22/2026 6:01:07 AM","Archive"
"C:\tac-portal\.gitignore","356","1/20/2026 1:53:13 AM","Archive"
"C:\tac-portal\.mcp.json","324","1/21/2026 1:21:56 AM","Archive"
"C:\tac-portal\.prettierignore","51","1/17/2026 12:52:02 PM","Archive"
"C:\tac-portal\.prettierrc","218","1/17/2026 12:51:58 PM","Archive"
"C:\tac-portal\.stylelintrc.json","680","1/21/2026 1:21:56 AM","Archive"
"C:\tac-portal\.windsurfrules","2705","1/22/2026 6:01:07 AM","Archive"
"C:\tac-portal\ADMIN_USER_SETUP_COMPLETE.md","6407","1/20/2026 1:53:13 AM","Archive"
"C:\tac-portal\App.tsx","19843","1/22/2026 8:51:56 AM","Archive"
"C:\tac-portal\build_fixes.log","6701","1/21/2026 2:42:54 AM","Archive"
"C:\tac-portal\build_v2.log","1641","1/21/2026 2:08:54 AM","Archive"
"C:\tac-portal\build_v3.log","6701","1/21/2026 2:10:30 AM","Archive"
"C:\tac-portal\build.log","1610","1/21/2026 2:07:34 AM","Archive"
"C:\tac-portal\Cleanup-Actions.tasks.md","1446","1/21/2026 1:21:56 AM","Archive"
"C:\tac-portal\cleanup-react-project.ps1","5094","1/21/2026 1:21:56 AM","Archive"
"C:\tac-portal\Cleanup-Report.md","1730","1/21/2026 1:21:56 AM","Archive"
"C:\tac-portal\CODERABBIT_REVIEW_REQUEST.md","3021","1/21/2026 1:21:56 AM","Archive"
"C:\tac-portal\components.json","596","1/18/2026 12:38:18 AM","Archive"
"C:\tac-portal\CREATE_TEST_USER.md","4322","1/20/2026 1:53:13 AM","Archive"
"C:\tac-portal\depcheck-report.json","36752","1/21/2026 1:21:56 AM","Archive"
"C:\tac-portal\duplicate-hash-report.txt","1176268","1/21/2026 1:21:56 AM","Archive"
"C:\tac-portal\ENTERPRISE_QA_REPORT.md","10592","1/22/2026 6:01:07 AM","Archive"
"C:\tac-portal\eslint.config.js","2403","1/22/2026 6:01:07 AM","Archive"
"C:\tac-portal\FIXES_APPLIED.md","7908","1/20/2026 1:53:13 AM","Archive"
"C:\tac-portal\folder-tree.txt","154024","1/22/2026 9:13:38 AM","Archive"
"C:\tac-portal\FRONTEND_TEST_REPORT.md","8329","1/20/2026 1:53:13 AM","Archive"
"C:\tac-portal\globals.css","11455","1/20/2026 2:57:10 PM","Archive"
"C:\tac-portal\IMPLEMENTATION_SUMMARY.md","7402","1/20/2026 1:53:13 AM","Archive"
"C:\tac-portal\index.html","3086","1/21/2026 1:21:56 AM","Archive"
"C:\tac-portal\index.tsx","492","1/20/2026 1:53:13 AM","Archive"
"C:\tac-portal\metadata.json","226","1/17/2026 11:09:01 AM","Archive"
"C:\tac-portal\npm-deps.txt","4456","1/21/2026 1:21:56 AM","Archive"
"C:\tac-portal\package-lock.json","616309","1/22/2026 8:51:56 AM","Archive"
"C:\tac-portal\package.json","4734","1/22/2026 8:51:56 AM","Archive"
"C:\tac-portal\playwright.config.ts","1992","1/20/2026 1:53:14 AM","Archive"
"C:\tac-portal\PRODUCTION_READINESS_REPORT.md","6244","1/20/2026 1:53:13 AM","Archive"
"C:\tac-portal\project-inventory.csv","5994966","1/22/2026 9:15:55 AM","Archive"
"C:\tac-portal\project-tree.txt","2311574","1/22/2026 9:10:35 AM","Archive"
"C:\tac-portal\README.md","17394","1/22/2026 6:01:07 AM","Archive"
"C:\tac-portal\SECURITY.md","2414","1/21/2026 1:28:50 AM","Archive"
"C:\tac-portal\SENTRY_ANALYSIS_REPORT.md","7972","1/20/2026 1:53:13 AM","Archive"
"C:\tac-portal\sentry_stats.json","782","1/20/2026 1:53:14 AM","Archive"
"C:\tac-portal\SENTRY_TEST_AUDIT_REPORT.md","2222","1/21/2026 1:21:56 AM","Archive"
"C:\tac-portal\TESTSPRITE_COMPREHENSIVE_TEST_REPORT.md","9035","1/22/2026 6:01:07 AM","Archive"
"C:\tac-portal\tsconfig.json","869","1/20/2026 1:53:14 AM","Archive"
"C:\tac-portal\types.ts","8725","1/22/2026 8:51:56 AM","Archive"
"C:\tac-portal\vite-env.d.ts","212","1/22/2026 6:01:08 AM","Archive"
"C:\tac-portal\vite.config.ts","909","1/22/2026 6:01:08 AM","Archive"
"C:\tac-portal\vitest.config.ts","996","1/22/2026 6:01:08 AM","Archive"
"C:\tac-portal\.auth\user.json","3125","1/22/2026 6:22:01 AM","Archive"
"C:\tac-portal\.git\hooks",,"1/18/2026 11:41:23 AM","Directory"
"C:\tac-portal\.git\info",,"1/18/2026 11:41:23 AM","Directory"
"C:\tac-portal\.git\logs",,"1/18/2026 11:41:25 AM","Directory"
"C:\tac-portal\.git\refs",,"1/22/2026 6:09:28 AM","Directory"
"C:\tac-portal\.git\COMMIT_EDITMSG","226","1/22/2026 9:03:20 AM","Archive"
"C:\tac-portal\.git\config","972","1/22/2026 9:32:03 AM","Archive"
"C:\tac-portal\.git\description","73","1/18/2026 11:41:23 AM","Archive"
"C:\tac-portal\.git\FETCH_HEAD","100","1/22/2026 8:51:55 AM","Archive"
"C:\tac-portal\.git\HEAD","41","1/22/2026 9:32:01 AM","Archive"
"C:\tac-portal\.git\index","44544","1/22/2026 9:31:37 AM","Archive"
"C:\tac-portal\.git\ORIG_HEAD","41","1/22/2026 8:51:55 AM","Archive"
"C:\tac-portal\.git\hooks\applypatch-msg.sample","478","1/18/2026 11:41:23 AM","Archive"
"C:\tac-portal\.git\hooks\commit-msg.sample","896","1/18/2026 11:41:23 AM","Archive"
"C:\tac-portal\.git\hooks\fsmonitor-watchman.sample","4726","1/18/2026 11:41:23 AM","Archive"
"C:\tac-portal\.git\hooks\post-update.sample","189","1/18/2026 11:41:23 AM","Archive"
"C:\tac-portal\.git\hooks\pre-applypatch.sample","424","1/18/2026 11:41:23 AM","Archive"
"C:\tac-portal\.git\hooks\pre-commit.sample","1649","1/18/2026 11:41:23 AM","Archive"
"C:\tac-portal\.git\hooks\pre-merge-commit.sample","416","1/18/2026 11:41:23 AM","Archive"
"C:\tac-portal\.git\hooks\pre-push.sample","1374","1/18/2026 11:41:23 AM","Archive"
"C:\tac-portal\.git\hooks\pre-rebase.sample","4898","1/18/2026 11:41:23 AM","Archive"
"C:\tac-portal\.git\hooks\pre-receive.sample","544","1/18/2026 11:41:23 AM","Archive"
"C:\tac-portal\.git\hooks\prepare-commit-msg.sample","1492","1/18/2026 11:41:23 AM","Archive"
"C:\tac-portal\.git\hooks\push-to-checkout.sample","2783","1/18/2026 11:41:23 AM","Archive"
"C:\tac-portal\.git\hooks\sendemail-validate.sample","2308","1/18/2026 11:41:23 AM","Archive"
"C:\tac-portal\.git\hooks\update.sample","3650","1/18/2026 11:41:23 AM","Archive"
"C:\tac-portal\.git\info\exclude","240","1/18/2026 11:41:23 AM","Archive"
"C:\tac-portal\.git\logs\refs",,"1/22/2026 6:09:28 AM","Directory"
"C:\tac-portal\.git\logs\HEAD","12561","1/22/2026 9:32:01 AM","Archive"
"C:\tac-portal\.git\logs\refs\heads",,"1/22/2026 8:24:32 AM","Directory"
"C:\tac-portal\.git\logs\refs\remotes",,"1/18/2026 11:41:32 AM","Directory"
"C:\tac-portal\.git\logs\refs\stash","231","1/22/2026 6:09:28 AM","Archive"
"C:\tac-portal\.git\logs\refs\heads\chore",,"1/21/2026 2:13:53 AM","Directory"
"C:\tac-portal\.git\logs\refs\heads\cleanup",,"1/22/2026 9:32:01 AM","Directory"
"C:\tac-portal\.git\logs\refs\heads\feature",,"1/18/2026 3:42:14 PM","Directory"
"C:\tac-portal\.git\logs\refs\heads\fix",,"1/22/2026 8:24:32 AM","Directory"
"C:\tac-portal\.git\logs\refs\heads\review",,"1/20/2026 1:53:33 AM","Directory"
"C:\tac-portal\.git\logs\refs\heads\main","3287","1/22/2026 9:03:20 AM","Archive"
"C:\tac-portal\.git\logs\refs\heads\chore\comprehensive-review","701","1/21/2026 2:43:12 AM","Archive"
"C:\tac-portal\.git\logs\refs\heads\cleanup\audit-2026-01-22","153","1/22/2026 9:32:01 AM","Archive"
"C:\tac-portal\.git\logs\refs\heads\feature\notification-system-and-layout-fixes","2367","1/20/2026 1:52:35 AM","Archive"
"C:\tac-portal\.git\logs\refs\heads\fix\type-safety-lint-cleanup","733","1/22/2026 8:50:35 AM","Archive"
"C:\tac-portal\.git\logs\refs\heads\review\coderabbit-full-suite","350","1/18/2026 1:04:34 PM","Archive"
"C:\tac-portal\.git\logs\refs\heads\review\comprehensive-frontend-audit","753","1/21/2026 1:12:57 AM","Archive"
"C:\tac-portal\.git\logs\refs\remotes\origin",,"1/22/2026 6:08:14 AM","Directory"
"C:\tac-portal\.git\logs\refs\remotes\origin\chore",,"1/21/2026 2:15:03 AM","Directory"
"C:\tac-portal\.git\logs\refs\remotes\origin\dependabot",,"1/22/2026 6:08:14 AM","Directory"
"C:\tac-portal\.git\logs\refs\remotes\origin\feature",,"1/18/2026 3:42:45 PM","Directory"
"C:\tac-portal\.git\logs\refs\remotes\origin\fix",,"1/22/2026 8:25:02 AM","Directory"
"C:\tac-portal\.git\logs\refs\remotes\origin\review",,"1/20/2026 1:54:13 AM","Directory"
"C:\tac-portal\.git\logs\refs\remotes\origin\main","2545","1/22/2026 9:03:29 AM","Archive"
"C:\tac-portal\.git\logs\refs\remotes\origin\chore\comprehensive-review","426","1/21/2026 2:43:40 AM","Archive"
"C:\tac-portal\.git\logs\refs\remotes\origin\dependabot\npm_and_yarn",,"1/22/2026 6:08:14 AM","Directory"
"C:\tac-portal\.git\logs\refs\remotes\origin\dependabot\npm_and_yarn\lodash-4.17.23","193","1/22/2026 6:08:14 AM","Archive"
"C:\tac-portal\.git\logs\refs\remotes\origin\feature\notification-system-and-layout-fixes","1420","1/20/2026 1:52:42 AM","Archive"
"C:\tac-portal\.git\logs\refs\remotes\origin\fix\type-safety-lint-cleanup","426","1/22/2026 8:50:44 AM","Archive"
"C:\tac-portal\.git\logs\refs\remotes\origin\fix\typescript-cleanup","426","1/18/2026 1:42:54 PM","Archive"
"C:\tac-portal\.git\logs\refs\remotes\origin\review\coderabbit-full-suite","142","1/18/2026 1:04:38 PM","Archive"
"C:\tac-portal\.git\logs\refs\remotes\origin\review\comprehensive-frontend-audit","284","1/21/2026 1:13:21 AM","Archive"
"C:\tac-portal\.git\refs\heads",,"1/22/2026 9:32:01 AM","Directory"
"C:\tac-portal\.git\refs\remotes",,"1/18/2026 11:41:32 AM","Directory"
"C:\tac-portal\.git\refs\tags",,"1/18/2026 11:41:23 AM","Directory"
"C:\tac-portal\.git\refs\stash","41","1/22/2026 6:09:28 AM","Archive"
"C:\tac-portal\.git\refs\heads\chore",,"1/21/2026 2:43:12 AM","Directory"
"C:\tac-portal\.git\refs\heads\cleanup",,"1/22/2026 9:32:01 AM","Directory"
"C:\tac-portal\.git\refs\heads\feature",,"1/20/2026 1:52:35 AM","Directory"
"C:\tac-portal\.git\refs\heads\fix",,"1/22/2026 8:50:35 AM","Directory"
"C:\tac-portal\.git\refs\heads\review",,"1/21/2026 1:12:57 AM","Directory"
"C:\tac-portal\.git\refs\heads\main","41","1/22/2026 9:03:20 AM","Archive"
"C:\tac-portal\.git\refs\heads\chore\comprehensive-review","41","1/21/2026 2:43:12 AM","Archive"
"C:\tac-portal\.git\refs\heads\cleanup\audit-2026-01-22","41","1/22/2026 9:32:01 AM","Archive"
"C:\tac-portal\.git\refs\heads\feature\notification-system-and-layout-fixes","41","1/20/2026 1:52:35 AM","Archive"
"C:\tac-portal\.git\refs\heads\fix\type-safety-lint-cleanup","41","1/22/2026 8:50:35 AM","Archive"
"C:\tac-portal\.git\refs\heads\review\coderabbit-full-suite","41","1/18/2026 1:04:34 PM","Archive"
"C:\tac-portal\.git\refs\heads\review\comprehensive-frontend-audit","41","1/21/2026 1:12:57 AM","Archive"
"C:\tac-portal\.git\refs\remotes\origin",,"1/22/2026 9:03:29 AM","Directory"
"C:\tac-portal\.git\refs\remotes\origin\chore",,"1/21/2026 2:43:40 AM","Directory"
"C:\tac-portal\.git\refs\remotes\origin\dependabot",,"1/22/2026 6:08:14 AM","Directory"
"C:\tac-portal\.git\refs\remotes\origin\feature",,"1/20/2026 1:52:42 AM","Directory"
"C:\tac-portal\.git\refs\remotes\origin\fix",,"1/22/2026 8:50:44 AM","Directory"
"C:\tac-portal\.git\refs\remotes\origin\review",,"1/21/2026 1:13:21 AM","Directory"
"C:\tac-portal\.git\refs\remotes\origin\main","41","1/22/2026 9:03:29 AM","Archive"
"C:\tac-portal\.git\refs\remotes\origin\chore\comprehensive-review","41","1/21/2026 2:43:40 AM","Archive"
"C:\tac-portal\.git\refs\remotes\origin\dependabot\npm_and_yarn",,"1/22/2026 6:08:14 AM","Directory"
"C:\tac-portal\.git\refs\remotes\origin\dependabot\npm_and_yarn\lodash-4.17.23","41","1/22/2026 6:08:14 AM","Archive"
"C:\tac-portal\.git\refs\remotes\origin\feature\notification-system-and-layout-fixes","41","1/20/2026 1:52:42 AM","Archive"
"C:\tac-portal\.git\refs\remotes\origin\fix\type-safety-lint-cleanup","41","1/22/2026 8:50:44 AM","Archive"
"C:\tac-portal\.git\refs\remotes\origin\fix\typescript-cleanup","41","1/18/2026 1:42:54 PM","Archive"
"C:\tac-portal\.git\refs\remotes\origin\review\coderabbit-full-suite","41","1/18/2026 1:04:38 PM","Archive"
"C:\tac-portal\.git\refs\remotes\origin\review\comprehensive-frontend-audit","41","1/21/2026 1:13:21 AM","Archive"
"C:\tac-portal\.github\codeql",,"1/22/2026 8:51:56 AM","Directory"
"C:\tac-portal\.github\PULL_REQUEST_TEMPLATE",,"1/22/2026 6:11:07 AM","Directory"
"C:\tac-portal\.github\workflows",,"1/22/2026 8:51:56 AM","Directory"
"C:\tac-portal\.github\dependabot.yml","1507","1/22/2026 6:10:44 AM","Archive"
"C:\tac-portal\.github\pull_request_template.md","2818","1/22/2026 6:01:07 AM","Archive"
"C:\tac-portal\.github\codeql\codeql-config.yml","1103","1/22/2026 8:51:56 AM","Archive"
"C:\tac-portal\.github\PULL_REQUEST_TEMPLATE\dependency_update.md","2835","1/22/2026 6:11:07 AM","Archive"
"C:\tac-portal\.github\workflows\code-quality.yml","7237","1/22/2026 8:51:56 AM","Archive"
"C:\tac-portal\.github\workflows\codeql.yml","1382","1/22/2026 8:51:56 AM","Archive"
"C:\tac-portal\.github\workflows\css-lint.yml","1527","1/21/2026 1:45:21 AM","Archive"
"C:\tac-portal\.github\workflows\dependabot-auto-merge.yml","5884","1/22/2026 8:51:56 AM","Archive"
"C:\tac-portal\.vscode\mcp.json","155","1/18/2026 12:41:42 AM","Archive"
"C:\tac-portal\.vscode\settings.json","250","1/17/2026 12:52:40 PM","Archive"
"C:\tac-portal\.windsurf\context",,"1/22/2026 6:01:07 AM","Directory"
"C:\tac-portal\.windsurf\rules",,"1/22/2026 6:01:07 AM","Directory"
"C:\tac-portal\.windsurf\skills",,"1/22/2026 6:01:07 AM","Directory"
"C:\tac-portal\.windsurf\workflows",,"1/22/2026 6:01:07 AM","Directory"
"C:\tac-portal\.windsurf\ARCHITECTURE_REPORT.md","9192","1/22/2026 6:01:07 AM","Archive"
"C:\tac-portal\.windsurf\MCP_RECOMMENDATIONS.md","5379","1/22/2026 6:01:07 AM","Archive"
"C:\tac-portal\.windsurf\README.md","441","1/22/2026 6:01:07 AM","Archive"
"C:\tac-portal\.windsurf\VERIFICATION_CHECKLIST.md","4985","1/22/2026 6:01:07 AM","Archive"
"C:\tac-portal\.windsurf\context\DB_CONVENTIONS.md","3405","1/22/2026 6:01:07 AM","Archive"
"C:\tac-portal\.windsurf\context\DOMAIN.md","2609","1/22/2026 6:01:07 AM","Archive"
"C:\tac-portal\.windsurf\context\SHIPMENT_FLOW.md","15056","1/22/2026 6:01:07 AM","Archive"
"C:\tac-portal\.windsurf\context\STATUS_MODEL.md","3208","1/22/2026 6:01:07 AM","Archive"
"C:\tac-portal\.windsurf\context\UI_STANDARDS.md","4862","1/22/2026 6:01:07 AM","Archive"
"C:\tac-portal\.windsurf\rules\db-integrity.md","4945","1/22/2026 6:01:07 AM","Archive"
"C:\tac-portal\.windsurf\rules\docs-policy.md","6257","1/22/2026 6:01:07 AM","Archive"
"C:\tac-portal\.windsurf\rules\invoices-pdf-critical.md","5703","1/22/2026 6:01:07 AM","Archive"
"C:\tac-portal\.windsurf\rules\manifests-critical.md","6636","1/22/2026 6:01:07 AM","Archive"
"C:\tac-portal\.windsurf\rules\scanning-critical.md","5729","1/22/2026 6:01:07 AM","Archive"
"C:\tac-portal\.windsurf\rules\stack-and-commands.md","3203","1/22/2026 6:01:07 AM","Archive"
"C:\tac-portal\.windsurf\rules\testing-policy.md","7007","1/22/2026 6:01:07 AM","Archive"
"C:\tac-portal\.windsurf\rules\ui-standards.md","7324","1/22/2026 6:01:07 AM","Archive"
"C:\tac-portal\.windsurf\skills\tac-architecture",,"1/22/2026 6:01:07 AM","Directory"
"C:\tac-portal\.windsurf\skills\tac-customers",,"1/22/2026 6:01:07 AM","Directory"
"C:\tac-portal\.windsurf\skills\tac-dashboard-qa",,"1/22/2026 6:01:07 AM","Directory"
"C:\tac-portal\.windsurf\skills\tac-db-integrity",,"1/22/2026 6:01:07 AM","Directory"
"C:\tac-portal\.windsurf\skills\tac-exceptions",,"1/22/2026 6:01:07 AM","Directory"
"C:\tac-portal\.windsurf\skills\tac-inventory",,"1/22/2026 6:01:07 AM","Directory"
"C:\tac-portal\.windsurf\skills\tac-invoices",,"1/22/2026 6:01:07 AM","Directory"
"C:\tac-portal\.windsurf\skills\tac-manifests",,"1/22/2026 6:01:07 AM","Directory"
"C:\tac-portal\.windsurf\skills\tac-operations",,"1/22/2026 6:01:07 AM","Directory"
"C:\tac-portal\.windsurf\skills\tac-project",,"1/22/2026 6:01:07 AM","Directory"
"C:\tac-portal\.windsurf\skills\tac-release",,"1/22/2026 6:01:07 AM","Directory"
"C:\tac-portal\.windsurf\skills\tac-scanning",,"1/22/2026 6:01:07 AM","Directory"
"C:\tac-portal\.windsurf\skills\tac-shipments",,"1/22/2026 6:01:07 AM","Directory"
"C:\tac-portal\.windsurf\skills\tac-tracking",,"1/22/2026 6:01:07 AM","Directory"
"C:\tac-portal\.windsurf\skills\tac-ui-polish",,"1/22/2026 6:01:07 AM","Directory"
"C:\tac-portal\.windsurf\skills\tac-architecture\SKILL.md","5937","1/22/2026 6:01:07 AM","Archive"
"C:\tac-portal\.windsurf\skills\tac-customers\SKILL.md","192","1/22/2026 6:01:07 AM","Archive"
"C:\tac-portal\.windsurf\skills\tac-dashboard-qa\SKILL.md","4933","1/22/2026 6:01:07 AM","Archive"
"C:\tac-portal\.windsurf\skills\tac-db-integrity\SKILL.md","4044","1/22/2026 6:01:07 AM","Archive"
"C:\tac-portal\.windsurf\skills\tac-exceptions\SKILL.md","4069","1/22/2026 6:01:07 AM","Archive"
"C:\tac-portal\.windsurf\skills\tac-inventory\SKILL.md","192","1/22/2026 6:01:07 AM","Archive"
"C:\tac-portal\.windsurf\skills\tac-invoices\SKILL.md","4316","1/22/2026 6:01:07 AM","Archive"
"C:\tac-portal\.windsurf\skills\tac-manifests\SKILL.md","4902","1/22/2026 6:01:07 AM","Archive"
"C:\tac-portal\.windsurf\skills\tac-operations\SKILL.md","196","1/22/2026 6:01:07 AM","Archive"
"C:\tac-portal\.windsurf\skills\tac-project\SKILL.md","3688","1/22/2026 6:01:07 AM","Archive"
"C:\tac-portal\.windsurf\skills\tac-release\SKILL.md","3497","1/22/2026 6:01:07 AM","Archive"
"C:\tac-portal\.windsurf\skills\tac-scanning\SKILL.md","5712","1/22/2026 6:01:07 AM","Archive"
"C:\tac-portal\.windsurf\skills\tac-shipments\SKILL.md","192","1/22/2026 6:01:07 AM","Archive"
"C:\tac-portal\.windsurf\skills\tac-tracking\SKILL.md","188","1/22/2026 6:01:07 AM","Archive"
"C:\tac-portal\.windsurf\skills\tac-ui-polish\SKILL.md","4695","1/22/2026 6:01:07 AM","Archive"
"C:\tac-portal\.windsurf\workflows\audit-db-integrity.md","3299","1/22/2026 6:01:07 AM","Archive"
"C:\tac-portal\.windsurf\workflows\audit-full-system.md","3268","1/22/2026 6:01:07 AM","Archive"
"C:\tac-portal\.windsurf\workflows\bug-triage.md","3246","1/22/2026 6:01:07 AM","Archive"
"C:\tac-portal\.windsurf\workflows\fix-ui-alignment.md","3069","1/22/2026 6:01:07 AM","Archive"
"C:\tac-portal\.windsurf\workflows\implement-feature.md","3300","1/22/2026 6:01:07 AM","Archive"
"C:\tac-portal\.windsurf\workflows\invoice-regression.md","4153","1/22/2026 6:01:07 AM","Archive"
"C:\tac-portal\.windsurf\workflows\qa-dashboard.md","3988","1/22/2026 6:01:07 AM","Archive"
"C:\tac-portal\.windsurf\workflows\release-checklist.md","3881","1/22/2026 6:01:07 AM","Archive"
"C:\tac-portal\.windsurf\workflows\scanning-regression.md","4603","1/22/2026 6:01:07 AM","Archive"
"C:\tac-portal\app\(protected)",,"1/20/2026 1:53:13 AM","Directory"
"C:\tac-portal\app\(protected)\manifests",,"1/20/2026 1:53:13 AM","Directory"
"C:\tac-portal\app\(protected)\manifests\[id]",,"1/20/2026 1:53:13 AM","Directory"
"C:\tac-portal\app\(protected)\manifests\create",,"1/20/2026 1:53:13 AM","Directory"
"C:\tac-portal\app\(protected)\manifests\page.tsx","156","1/20/2026 1:53:13 AM","Archive"
"C:\tac-portal\app\(protected)\manifests\create\page.tsx","1099","1/20/2026 1:53:13 AM","Archive"
"C:\tac-portal\app\(protected)\manifests\[id]\page.tsx","164","1/20/2026 1:53:13 AM","Archive"
"C:\tac-portal\cleanup\_notes",,"1/22/2026 9:32:02 AM","Directory"
"C:\tac-portal\cleanup\_quarantine",,"1/22/2026 9:32:02 AM","Directory"
"C:\tac-portal\cleanup\_reports",,"1/22/2026 9:32:17 AM","Directory"
"C:\tac-portal\cleanup\_scripts",,"1/22/2026 9:32:02 AM","Directory"
"C:\tac-portal\cleanup\_reports\project-inventory.csv","8192","1/22/2026 9:32:22 AM","Archive"
"C:\tac-portal\cleanup\_reports\project-tree.folders.txt","154110","1/22/2026 9:32:19 AM","Archive"
"C:\tac-portal\cleanup\_reports\project-tree.full.txt","2311757","1/22/2026 9:32:20 AM","Archive"
"C:\tac-portal\components\auth",,"1/18/2026 10:17:47 AM","Directory"
"C:\tac-portal\components\crud",,"1/21/2026 1:21:56 AM","Directory"
"C:\tac-portal\components\customers",,"1/21/2026 1:21:56 AM","Directory"
"C:\tac-portal\components\dashboard",,"1/21/2026 1:21:56 AM","Directory"
"C:\tac-portal\components\dev",,"1/21/2026 1:21:56 AM","Directory"
"C:\tac-portal\components\domain",,"1/21/2026 1:21:56 AM","Directory"
"C:\tac-portal\components\error",,"1/22/2026 6:01:07 AM","Directory"
"C:\tac-portal\components\finance",,"1/22/2026 8:51:56 AM","Directory"
"C:\tac-portal\components\landing-new",,"1/22/2026 8:51:56 AM","Directory"
"C:\tac-portal\components\layout",,"1/22/2026 8:51:56 AM","Directory"
"C:\tac-portal\components\management",,"1/21/2026 1:21:56 AM","Directory"
"C:\tac-portal\components\manifests",,"1/22/2026 8:51:56 AM","Directory"
"C:\tac-portal\components\optics",,"1/18/2026 12:39:28 AM","Directory"
"C:\tac-portal\components\scanning",,"1/22/2026 8:51:56 AM","Directory"
"C:\tac-portal\components\shipments",,"1/22/2026 8:51:56 AM","Directory"
"C:\tac-portal\components\shipping",,"1/22/2026 8:51:56 AM","Directory"
"C:\tac-portal\components\ui",,"1/22/2026 8:51:56 AM","Directory"
"C:\tac-portal\components\magnified-bento.tsx","11866","1/22/2026 6:01:07 AM","Archive"
"C:\tac-portal\components\theme-provider.tsx","1780","1/18/2026 1:43:58 PM","Archive"
"C:\tac-portal\components\theme-toggle.tsx","1476","1/18/2026 3:57:35 AM","Archive"
"C:\tac-portal\components\auth\LoginPage.tsx","15769","1/18/2026 10:27:40 AM","Archive"
"C:\tac-portal\components\crud\CrudDeleteDialog.tsx","2278","1/20/2026 1:53:13 AM","Archive"
"C:\tac-portal\components\crud\CrudRowActions.tsx","2385","1/20/2026 1:53:13 AM","Archive"
"C:\tac-portal\components\crud\CrudTable.tsx","9857","1/21/2026 1:21:56 AM","Archive"
"C:\tac-portal\components\crud\CrudUpsertDialog.tsx","4166","1/20/2026 1:53:13 AM","Archive"
"C:\tac-portal\components\crud\index.ts","406","1/20/2026 1:53:13 AM","Archive"
"C:\tac-portal\components\customers\customers.columns.tsx","4832","1/21/2026 1:21:56 AM","Archive"
"C:\tac-portal\components\dashboard\charts",,"1/21/2026 1:21:56 AM","Directory"
"C:\tac-portal\components\dashboard\Charts.tsx","1035","1/18/2026 11:02:56 AM","Archive"
"C:\tac-portal\components\dashboard\KPIGrid.tsx","8053","1/21/2026 1:21:56 AM","Archive"
"C:\tac-portal\components\dashboard\QuickActions.tsx","2552","1/21/2026 1:21:56 AM","Archive"
"C:\tac-portal\components\dashboard\RecentActivity.tsx","4339","1/21/2026 1:21:56 AM","Archive"
"C:\tac-portal\components\dashboard\charts\FleetStatusChart.tsx","3246","1/21/2026 1:21:56 AM","Archive"
"C:\tac-portal\components\dashboard\charts\ShipmentTrendChart.tsx","6143","1/18/2026 11:02:13 AM","Archive"
"C:\tac-portal\components\dashboard\charts\StatusDistributionChart.tsx","5794","1/21/2026 1:21:56 AM","Archive"
"C:\tac-portal\components\dev\SentryTestButton.tsx","5998","1/21/2026 1:21:56 AM","Archive"
"C:\tac-portal\components\domain\CommandPalette.tsx","6716","1/21/2026 1:21:56 AM","Archive"
"C:\tac-portal\components\domain\CustomerDetails.tsx","11167","1/21/2026 1:21:56 AM","Archive"
"C:\tac-portal\components\domain\ExceptionDetails.tsx","10121","1/21/2026 1:21:56 AM","Archive"
"C:\tac-portal\components\domain\index.ts","319","1/17/2026 11:49:39 AM","Archive"
"C:\tac-portal\components\domain\KPICard.tsx","2221","1/21/2026 1:21:56 AM","Archive"
"C:\tac-portal\components\domain\LabelGenerator.tsx","15709","1/20/2026 1:53:13 AM","Archive"
"C:\tac-portal\components\domain\LabelPreviewDialog.tsx","7446","1/20/2026 1:53:13 AM","Archive"
"C:\tac-portal\components\domain\LabelTemplateManager.tsx","12265","1/20/2026 1:53:13 AM","Archive"
"C:\tac-portal\components\domain\NotesPanel.tsx","15989","1/20/2026 1:53:13 AM","Archive"
"C:\tac-portal\components\domain\NotificationBell.tsx","11577","1/20/2026 1:53:13 AM","Archive"
"C:\tac-portal\components\domain\ShipmentCard.tsx","6321","1/21/2026 1:21:56 AM","Archive"
"C:\tac-portal\components\domain\ShippingLabel.tsx","5053","1/21/2026 1:21:56 AM","Archive"
"C:\tac-portal\components\domain\StatusBadge.tsx","2884","1/21/2026 1:21:56 AM","Archive"
"C:\tac-portal\components\domain\TrackingTimeline.tsx","4978","1/21/2026 1:21:56 AM","Archive"
"C:\tac-portal\components\error\AppErrorBoundary.tsx","4882","1/22/2026 6:01:07 AM","Archive"
"C:\tac-portal\components\finance\CreateInvoiceForm.tsx","427","1/21/2026 1:21:56 AM","Archive"
"C:\tac-portal\components\finance\InvoiceDetails.tsx","14717","1/21/2026 1:21:56 AM","Archive"
"C:\tac-portal\components\finance\invoices.columns.tsx","5201","1/22/2026 6:01:07 AM","Archive"
"C:\tac-portal\components\finance\MultiStepCreateInvoice.tsx","60936","1/22/2026 8:51:56 AM","Archive"
"C:\tac-portal\components\landing-new\about.tsx","138","1/18/2026 9:51:32 AM","Archive"
"C:\tac-portal\components\landing-new\contact-section.tsx","9849","1/22/2026 8:51:56 AM","Archive"
"C:\tac-portal\components\landing-new\core-competencies.tsx","4107","1/21/2026 1:21:56 AM","Archive"
"C:\tac-portal\components\landing-new\footer.tsx","3701","1/21/2026 1:21:56 AM","Archive"
"C:\tac-portal\components\landing-new\hero-section.tsx","5834","1/21/2026 1:21:56 AM","Archive"
"C:\tac-portal\components\landing-new\navbar.tsx","7098","1/18/2026 10:39:06 AM","Archive"
"C:\tac-portal\components\landing-new\operational-logic.tsx","5841","1/21/2026 1:21:56 AM","Archive"
"C:\tac-portal\components\landing-new\stats-cta.tsx","4454","1/18/2026 10:40:08 AM","Archive"
"C:\tac-portal\components\landing-new\tac-bot.tsx","13677","1/21/2026 1:21:56 AM","Archive"
"C:\tac-portal\components\landing-new\tracking-dialog.tsx","4552","1/22/2026 8:51:56 AM","Archive"
"C:\tac-portal\components\landing-new\tracking-section.tsx","11949","1/18/2026 10:44:21 AM","Archive"
"C:\tac-portal\components\landing-new\trusted-by.tsx","2823","1/21/2026 1:21:56 AM","Archive"
"C:\tac-portal\components\layout\Header.tsx","1749","1/21/2026 1:21:56 AM","Archive"
"C:\tac-portal\components\layout\Sidebar.tsx","7553","1/22/2026 8:51:56 AM","Archive"
"C:\tac-portal\components\management\staff.columns.tsx","4575","1/21/2026 1:21:56 AM","Archive"
"C:\tac-portal\components\manifests\CreateManifestForm.tsx","13162","1/22/2026 6:01:07 AM","Archive"
"C:\tac-portal\components\manifests\CreateManifestModal.tsx","4198","1/22/2026 8:51:56 AM","Archive"
"C:\tac-portal\components\manifests\ManifestActionFooter.tsx","3280","1/20/2026 1:53:13 AM","Archive"
"C:\tac-portal\components\manifests\ManifestConfigPanel.tsx","9332","1/22/2026 6:01:07 AM","Archive"
"C:\tac-portal\components\manifests\ManifestDetails.tsx","8718","1/22/2026 8:51:56 AM","Archive"
"C:\tac-portal\components\manifests\ManifestList.tsx","5390","1/21/2026 1:21:56 AM","Archive"
"C:\tac-portal\components\manifests\ManifestPrintView.tsx","6111","1/22/2026 8:51:56 AM","Archive"
"C:\tac-portal\components\manifests\ManifestShipmentPanel.tsx","9009","1/22/2026 8:51:56 AM","Archive"
"C:\tac-portal\components\optics\button.jsx","6707","1/18/2026 12:39:28 AM","Archive"
"C:\tac-portal\components\scanning\BarcodeScanner.tsx","7472","1/22/2026 8:51:56 AM","Archive"
"C:\tac-portal\components\shipments\CreateShipmentForm.tsx","10148","1/21/2026 1:21:56 AM","Archive"
"C:\tac-portal\components\shipments\ShipmentDetails.tsx","8156","1/22/2026 8:51:56 AM","Archive"
"C:\tac-portal\components\shipments\shipments.columns.tsx","4923","1/21/2026 1:21:56 AM","Archive"
"C:\tac-portal\components\shipping\shipping-label.css","5971","1/20/2026 2:58:56 PM","Archive"
"C:\tac-portal\components\shipping\ShippingLabel.tsx","7429","1/22/2026 8:51:56 AM","Archive"
"C:\tac-portal\components\ui\alert-dialog.tsx","4928","1/21/2026 1:21:56 AM","Archive"
"C:\tac-portal\components\ui\animated-counter.tsx","2787","1/18/2026 10:24:25 AM","Archive"
"C:\tac-portal\components\ui\animated-theme-toggler.tsx","4367","1/17/2026 11:56:55 PM","Archive"
"C:\tac-portal\components\ui\apple-cards-carousel.tsx","11166","1/22/2026 8:51:56 AM","Archive"
"C:\tac-portal\components\ui\avatar.tsx","1561","1/18/2026 8:39:21 AM","Archive"
"C:\tac-portal\components\ui\badge.tsx","1483","1/21/2026 1:21:56 AM","Archive"
"C:\tac-portal\components\ui\bento-grid-01.tsx","4691","1/18/2026 3:08:12 AM","Archive"
"C:\tac-portal\components\ui\bento-grid.tsx","2935","1/22/2026 8:51:56 AM","Archive"
"C:\tac-portal\components\ui\button.tsx","1973","1/22/2026 8:51:56 AM","Archive"
"C:\tac-portal\components\ui\card.tsx","1972","1/21/2026 1:21:56 AM","Archive"
"C:\tac-portal\components\ui\carousel.tsx","7582","1/18/2026 3:07:30 AM","Archive"
"C:\tac-portal\components\ui\chart.tsx","10529","1/21/2026 1:21:56 AM","Archive"
"C:\tac-portal\components\ui\checkbox.tsx","1162","1/18/2026 10:22:08 AM","Archive"
"C:\tac-portal\components\ui\command.tsx","4251","1/21/2026 1:21:56 AM","Archive"
"C:\tac-portal\components\ui\CyberComponents.tsx","3893","1/21/2026 1:21:56 AM","Archive"
"C:\tac-portal\components\ui\data-table.tsx","8215","1/21/2026 1:21:56 AM","Archive"
"C:\tac-portal\components\ui\dialog.tsx","3928","1/21/2026 1:21:56 AM","Archive"
"C:\tac-portal\components\ui\dropdown-menu.tsx","6906","1/18/2026 1:43:58 PM","Archive"
"C:\tac-portal\components\ui\empty-state.tsx","4069","1/20/2026 1:53:13 AM","Archive"
"C:\tac-portal\components\ui\error-boundary.tsx","4745","1/18/2026 10:12:52 AM","Archive"
"C:\tac-portal\components\ui\flight-card-1.tsx","8676","1/18/2026 10:39:37 AM","Archive"
"C:\tac-portal\components\ui\fluid-expanding-grid.tsx","8433","1/22/2026 8:51:56 AM","Archive"
"C:\tac-portal\components\ui\form.tsx","4639","1/18/2026 8:39:33 AM","Archive"
"C:\tac-portal\components\ui\index.ts","1265","1/20/2026 1:53:13 AM","Archive"
"C:\tac-portal\components\ui\input.tsx","765","1/18/2026 5:46:03 AM","Archive"
"C:\tac-portal\components\ui\label.tsx","772","1/18/2026 8:39:32 AM","Archive"
"C:\tac-portal\components\ui\loading-carousel.tsx","7571","1/21/2026 1:21:56 AM","Archive"
"C:\tac-portal\components\ui\Modal.tsx","2139","1/21/2026 1:21:56 AM","Archive"
"C:\tac-portal\components\ui\page-transition.tsx","2596","1/20/2026 1:53:13 AM","Archive"
"C:\tac-portal\components\ui\qr-code.tsx","2296","1/18/2026 3:07:57 AM","Archive"
"C:\tac-portal\components\ui\rich-text-editor.tsx","19432","1/21/2026 1:21:56 AM","Archive"
"C:\tac-portal\components\ui\scroll-area.tsx","1814","1/18/2026 8:39:18 AM","Archive"
"C:\tac-portal\components\ui\select.tsx","6107","1/21/2026 1:21:56 AM","Archive"
"C:\tac-portal\components\ui\separator.tsx","892","1/20/2026 1:53:13 AM","Archive"
"C:\tac-portal\components\ui\sheet.tsx","4977","1/18/2026 1:43:58 PM","Archive"
"C:\tac-portal\components\ui\skeleton.tsx","5610","1/18/2026 10:12:54 AM","Archive"
"C:\tac-portal\components\ui\table.tsx","3122","1/21/2026 1:21:56 AM","Archive"
"C:\tac-portal\components\ui\tabs.tsx","3947","1/18/2026 3:07:18 AM","Archive"
"C:\tac-portal\components\ui\textarea.tsx","735","1/21/2026 1:21:56 AM","Archive"
"C:\tac-portal\components\ui\tooltip.tsx","1319","1/21/2026 1:21:56 AM","Archive"
"C:\tac-portal\components\ui\tracker-card.tsx","5215","1/18/2026 10:40:05 AM","Archive"
"C:\tac-portal\components\ui\vertical-tabs.tsx","12898","1/18/2026 10:28:29 AM","Archive"
"C:\tac-portal\config\features.ts","1978","1/20/2026 1:53:13 AM","Archive"
"C:\tac-portal\CSS-Docs\TAC-Cargo-CSS-Docs-v5",,"1/21/2026 1:21:56 AM","Directory"
"C:\tac-portal\CSS-Docs\TAC-Cargo-CSS-Docs-v5\01-CSS-Audit-Summary.md","1511","1/21/2026 1:21:56 AM","Archive"
"C:\tac-portal\CSS-Docs\TAC-Cargo-CSS-Docs-v5\02-Theme-Packs.md","682","1/21/2026 1:21:56 AM","Archive"
"C:\tac-portal\CSS-Docs\TAC-Cargo-CSS-Docs-v5\03-Status-Tokens.md","681","1/21/2026 1:21:56 AM","Archive"
"C:\tac-portal\CSS-Docs\TAC-Cargo-CSS-Docs-v5\04-Badge-Variants.md","477","1/21/2026 1:21:56 AM","Archive"
"C:\tac-portal\CSS-Docs\TAC-Cargo-CSS-Docs-v5\05-Fonts-Guide.md","570","1/21/2026 1:21:56 AM","Archive"
"C:\tac-portal\CSS-Docs\TAC-Cargo-CSS-Docs-v5\06-Token-Migration-Guide.md","821","1/21/2026 1:21:56 AM","Archive"
"C:\tac-portal\CSS-Docs\TAC-Cargo-CSS-Docs-v5\07-Status-System-Spec.md","495","1/21/2026 1:21:56 AM","Archive"
"C:\tac-portal\CSS-Docs\TAC-Cargo-CSS-Docs-v5\08-Refactor-Checklist-Top-10-Files.md","5734","1/21/2026 1:21:56 AM","Archive"
"C:\tac-portal\CSS-Docs\TAC-Cargo-CSS-Docs-v5\09-CSS-Enforcement-CI-Rules.md","4533","1/21/2026 1:21:56 AM","Archive"
"C:\tac-portal\CSS-Docs\TAC-Cargo-CSS-Docs-v5\10-Enterprise-Theme-Debug-Checklist.md","3912","1/21/2026 1:21:56 AM","Archive"
"C:\tac-portal\CSS-Docs\TAC-Cargo-CSS-Docs-v5\README.md","352","1/21/2026 1:21:56 AM","Archive"
"C:\tac-portal\dist\assets",,"1/22/2026 8:19:08 AM","Directory"
"C:\tac-portal\dist\air-cargo.png","6669263","1/22/2026 6:01:07 AM","Archive"
"C:\tac-portal\dist\drone-illustration.png","462929","1/18/2026 2:52:02 AM","Archive"
"C:\tac-portal\dist\express-air-cargo.png","11079190","1/22/2026 6:01:07 AM","Archive"
"C:\tac-portal\dist\express-pick-drop.png","6878154","1/22/2026 6:01:07 AM","Archive"
"C:\tac-portal\dist\express-surface-cargo.png","10482883","1/22/2026 6:01:07 AM","Archive"
"C:\tac-portal\dist\index.html","3506","1/22/2026 8:19:08 AM","Archive"
"C:\tac-portal\dist\network-illustration.png","647601","1/18/2026 2:51:49 AM","Archive"
"C:\tac-portal\dist\pick-n-drop.png","8930017","1/22/2026 6:01:08 AM","Archive"
"C:\tac-portal\dist\plane-label.svg","1055","1/18/2026 6:37:14 AM","Archive"
"C:\tac-portal\dist\surface-cargo.png","6949730","1/22/2026 6:01:08 AM","Archive"
"C:\tac-portal\dist\tac-hero-bg.jpeg","7778190","1/3/2026 7:14:27 AM","Archive"
"C:\tac-portal\dist\truck-illustration.png","541780","1/18/2026 2:51:34 AM","Archive"
"C:\tac-portal\dist\truck-label.svg","1218","1/18/2026 6:36:13 AM","Archive"
"C:\tac-portal\dist\warehouse-illustration.png","565037","1/18/2026 2:51:20 AM","Archive"
"C:\tac-portal\dist\assets\generated",,"1/22/2026 8:19:03 AM","Directory"
"C:\tac-portal\dist\assets\Analytics-7o8bJzaS.js","5736","1/22/2026 8:19:08 AM","Archive"
"C:\tac-portal\dist\assets\card-B-jNiikn.js","1119","1/22/2026 8:19:08 AM","Archive"
"C:\tac-portal\dist\assets\CreateManifestModal-CJy9a_Sj.js","19397","1/22/2026 8:19:08 AM","Archive"
"C:\tac-portal\dist\assets\CrudRowActions-BPXdcuc9.js","10343","1/22/2026 8:19:08 AM","Archive"
"C:\tac-portal\dist\assets\CrudUpsertDialog-BDTrRqhc.js","2773","1/22/2026 8:19:08 AM","Archive"
"C:\tac-portal\dist\assets\Customers-B-bSA84i.js","8054","1/22/2026 8:19:08 AM","Archive"
"C:\tac-portal\dist\assets\Dashboard-U_ZAxYg8.js","16959","1/22/2026 8:19:08 AM","Archive"
"C:\tac-portal\dist\assets\data-table-FQbf1lK1.js","4213","1/22/2026 8:19:08 AM","Archive"
"C:\tac-portal\dist\assets\design-tokens-B2mjI1RS.js","471","1/22/2026 8:19:08 AM","Archive"
"C:\tac-portal\dist\assets\DevUIKit-BzYojU6r.js","9603","1/22/2026 8:19:08 AM","Archive"
"C:\tac-portal\dist\assets\Exceptions-CKupKOtX.js","6110","1/22/2026 8:19:08 AM","Archive"
"C:\tac-portal\dist\assets\feedback-d6oSJL6-.js","1018","1/22/2026 8:19:08 AM","Archive"
"C:\tac-portal\dist\assets\Finance-DKS85B3i.js","591200","1/22/2026 8:19:08 AM","Archive"
"C:\tac-portal\dist\assets\index-0f0x3pAE.js","54149","1/22/2026 8:19:08 AM","Archive"
"C:\tac-portal\dist\assets\index-BAy6B0-t.css","168289","1/22/2026 8:19:08 AM","Archive"
"C:\tac-portal\dist\assets\index-Uauqkqh6.js","919250","1/22/2026 8:19:08 AM","Archive"
"C:\tac-portal\dist\assets\input-DMlVz98M.js","542","1/22/2026 8:19:08 AM","Archive"
"C:\tac-portal\dist\assets\Inventory-DGDsL2Cn.js","4614","1/22/2026 8:19:08 AM","Archive"
"C:\tac-portal\dist\assets\KPICard-C6jNM7zE.js","1552","1/22/2026 8:19:08 AM","Archive"
"C:\tac-portal\dist\assets\label-mTPhajnC.js","986","1/22/2026 8:19:08 AM","Archive"
"C:\tac-portal\dist\assets\Landing-DfAyCmKl.js","173845","1/22/2026 8:19:08 AM","Archive"
"C:\tac-portal\dist\assets\logger-Dl2Ph1u0.js","508","1/22/2026 8:19:08 AM","Archive"
"C:\tac-portal\dist\assets\Management-u7cT5R_G.js","8450","1/22/2026 8:19:08 AM","Archive"
"C:\tac-portal\dist\assets\Manifests-ChO0NbAQ.js","3850","1/22/2026 8:19:08 AM","Archive"
"C:\tac-portal\dist\assets\Modal-BVJLml3f.js","1396","1/22/2026 8:19:08 AM","Archive"
"C:\tac-portal\dist\assets\Notifications-BjxCLbwr.js","6902","1/22/2026 8:19:08 AM","Archive"
"C:\tac-portal\dist\assets\page-C9ehUBWH.js","923","1/22/2026 8:19:08 AM","Archive"
"C:\tac-portal\dist\assets\PrintLabel-AHrnd_PT.css","4025","1/22/2026 8:19:08 AM","Archive"
"C:\tac-portal\dist\assets\PrintLabel-CAqfLuc6.js","886198","1/22/2026 8:19:08 AM","Archive"
"C:\tac-portal\dist\assets\PublicTracking-W0qwqcer.js","8293","1/22/2026 8:19:08 AM","Archive"
"C:\tac-portal\dist\assets\Scanning-DRj94zZN.js","406351","1/22/2026 8:19:08 AM","Archive"
"C:\tac-portal\dist\assets\select-y7zVEB5J.js","2605","1/22/2026 8:19:08 AM","Archive"
"C:\tac-portal\dist\assets\Settings-DjiZRGiE.js","6130","1/22/2026 8:19:08 AM","Archive"
"C:\tac-portal\dist\assets\Shipments-ikriHNmo.js","440726","1/22/2026 8:19:08 AM","Archive"
"C:\tac-portal\dist\assets\StatusBadge-DRd7R92n.js","1711","1/22/2026 8:19:08 AM","Archive"
"C:\tac-portal\dist\assets\table-apqZGR6z.js","1581","1/22/2026 8:19:08 AM","Archive"
"C:\tac-portal\dist\assets\Tracking-Dce0l_uE.js","12013","1/22/2026 8:19:08 AM","Archive"
"C:\tac-portal\dist\assets\tracking-dialog-kI4OthpB.js","22089","1/22/2026 8:19:08 AM","Archive"
"C:\tac-portal\dist\assets\useCustomers-DtxWs1yN.js","1857","1/22/2026 8:19:08 AM","Archive"
"C:\tac-portal\dist\assets\useExceptions-CrKKD1dA.js","1684","1/22/2026 8:19:08 AM","Archive"
"C:\tac-portal\dist\assets\useManifests-3L2g68hr.js","2313","1/22/2026 8:19:08 AM","Archive"
"C:\tac-portal\dist\assets\useRealtime-CVX19jmh.js","2162","1/22/2026 8:19:08 AM","Archive"
"C:\tac-portal\dist\assets\useTrackingEvents-DrctbWWb.js","795","1/22/2026 8:19:08 AM","Archive"
"C:\tac-portal\dist\assets\vendor-charts-POgndbGy.js","420867","1/22/2026 8:19:08 AM","Archive"
"C:\tac-portal\dist\assets\vendor-data-Cf2Cy865.js","124762","1/22/2026 8:19:08 AM","Archive"
"C:\tac-portal\dist\assets\vendor-react-DudV37Gg.js","35956","1/22/2026 8:19:08 AM","Archive"
"C:\tac-portal\dist\assets\vendor-ui-BBam_8Yy.js","161540","1/22/2026 8:19:08 AM","Archive"
"C:\tac-portal\dist\assets\vendor-utils-B2JLLxNU.js","23139","1/22/2026 8:19:08 AM","Archive"
"C:\tac-portal\dist\assets\zod-CbsH-Lrk.js","1069","1/22/2026 8:19:08 AM","Archive"
"C:\tac-portal\dist\assets\generated\air-freight-cyber.png","643608","1/18/2026 9:25:10 AM","Archive"
"C:\tac-portal\dist\assets\generated\eco-delivery-cyber.png","632270","1/18/2026 9:25:44 AM","Archive"
"C:\tac-portal\dist\assets\generated\ground-logistics-cyber.png","673304","1/18/2026 9:26:03 AM","Archive"
"C:\tac-portal\dist\assets\generated\secure-packaging-cyber.png","703912","1/18/2026 9:25:27 AM","Archive"
"C:\tac-portal\docs\tasks",,"1/20/2026 4:28:21 AM","Directory"
"C:\tac-portal\docs\API_REFERENCE.md","24018","1/22/2026 8:51:56 AM","Archive"
"C:\tac-portal\docs\CODEGEN_CODE_REVIEW_PROMPT.md","14131","1/22/2026 6:01:07 AM","Archive"
"C:\tac-portal\docs\CRUD-implementation.md","21163","1/20/2026 1:53:13 AM","Archive"
"C:\tac-portal\docs\CSS_COLOR_AUDIT.md","8970","1/20/2026 1:53:13 AM","Archive"
"C:\tac-portal\docs\DEPENDENCY_SECURITY_POLICY.md","6217","1/22/2026 6:10:10 AM","Archive"
"C:\tac-portal\docs\DEVELOPMENT_GUIDE.md","13802","1/22/2026 6:01:07 AM","Archive"
"C:\tac-portal\docs\ENTERPRISE_PLATFORM_PRD.md","48463","1/17/2026 11:10:27 AM","Archive"
"C:\tac-portal\docs\FULL_CODEBASE_REVIEW.md","4220","1/22/2026 6:01:07 AM","Archive"
"C:\tac-portal\docs\PHASE_IMPLEMENTATION_STATUS.md","12484","1/20/2026 1:53:13 AM","Archive"
"C:\tac-portal\docs\PRODUCTION_ENHANCEMENT_PLAN.md","39565","1/20/2026 1:53:13 AM","Archive"
"C:\tac-portal\docs\Production-Level QA+Audit.md","11021","1/21/2026 1:21:56 AM","Archive"
"C:\tac-portal\docs\README.md","17131","1/22/2026 6:01:07 AM","Archive"
"C:\tac-portal\docs\schema.sql","25107","1/22/2026 8:51:56 AM","Archive"
"C:\tac-portal\docs\SENTRY_IMPLEMENTATION.md","7272","1/20/2026 1:53:13 AM","Archive"
"C:\tac-portal\docs\SENTRY_MCP_SETUP.md","5847","1/20/2026 1:53:13 AM","Archive"
"C:\tac-portal\docs\SENTRY_MCP_VERIFICATION.md","4407","1/20/2026 1:53:13 AM","Archive"
"C:\tac-portal\docs\SESSION_SUMMARY_2026-01-22.md","7512","1/22/2026 9:06:06 AM","Archive"
"C:\tac-portal\docs\SETUP_GUIDE.md","4535","1/20/2026 1:53:13 AM","Archive"
"C:\tac-portal\docs\supabase-audit-trigger.sql","3650","1/20/2026 1:53:13 AM","Archive"
"C:\tac-portal\docs\supabase-rls-policies.sql","9463","1/20/2026 1:53:13 AM","Archive"
"C:\tac-portal\docs\SUPPLY_CHAIN_RISK_REGISTER.md","4893","1/22/2026 6:11:32 AM","Archive"
"C:\tac-portal\docs\TAC-Cargo-Enhancement-PRD.md","19610","1/22/2026 8:51:56 AM","Archive"
"C:\tac-portal\docs\TAC-Cargo-Enhancement-tasks.md","13138","1/22/2026 8:51:56 AM","Archive"
"C:\tac-portal\docs\TAC-Cargo-QA-Audit.tasks.md","92764","1/21/2026 1:21:56 AM","Archive"
"C:\tac-portal\hooks\index.ts","190","1/17/2026 12:28:23 PM","Archive"
"C:\tac-portal\hooks\use-auto-resize-textarea.ts","846","1/22/2026 8:51:56 AM","Archive"
"C:\tac-portal\hooks\use-outside-click.ts","764","1/21/2026 1:21:56 AM","Archive"
"C:\tac-portal\hooks\useAuditLogs.ts","1273","1/22/2026 6:01:07 AM","Archive"
"C:\tac-portal\hooks\useCloseManifest.ts","8173","1/22/2026 6:01:07 AM","Archive"
"C:\tac-portal\hooks\useCustomers.ts","6428","1/22/2026 6:01:07 AM","Archive"
"C:\tac-portal\hooks\useExceptions.ts","6033","1/22/2026 8:51:56 AM","Archive"
"C:\tac-portal\hooks\useInvoices.ts","7415","1/22/2026 8:51:56 AM","Archive"
"C:\tac-portal\hooks\useManifests.ts","13832","1/22/2026 8:51:56 AM","Archive"
"C:\tac-portal\hooks\useRBAC.ts","3010","1/20/2026 1:53:13 AM","Archive"
"C:\tac-portal\hooks\useRealtime.ts","4908","1/22/2026 8:51:56 AM","Archive"
"C:\tac-portal\hooks\useShiftReport.ts","2752","1/20/2026 1:53:13 AM","Archive"
"C:\tac-portal\hooks\useShipments.ts","7791","1/22/2026 8:51:56 AM","Archive"
"C:\tac-portal\hooks\useStaff.ts","4797","1/22/2026 8:51:56 AM","Archive"
"C:\tac-portal\hooks\useTrackingEvents.ts","3185","1/22/2026 8:51:56 AM","Archive"
"C:\tac-portal\label-design\air-label.html","12005","1/20/2026 1:53:13 AM","Archive"
"C:\tac-portal\label-design\sur-label.html","11934","1/20/2026 1:53:13 AM","Archive"
"C:\tac-portal\lib\data-access",,"1/22/2026 8:51:56 AM","Directory"
"C:\tac-portal\lib\hooks",,"1/18/2026 10:12:02 AM","Directory"
"C:\tac-portal\lib\mcp",,"1/18/2026 11:46:29 AM","Directory"
"C:\tac-portal\lib\notifications",,"1/20/2026 1:53:13 AM","Directory"
"C:\tac-portal\lib\schemas",,"1/22/2026 6:01:07 AM","Directory"
"C:\tac-portal\lib\services",,"1/22/2026 8:51:56 AM","Directory"
"C:\tac-portal\lib\supabase",,"1/22/2026 8:51:56 AM","Directory"
"C:\tac-portal\lib\utils",,"1/22/2026 8:51:56 AM","Directory"
"C:\tac-portal\lib\validation",,"1/22/2026 6:01:07 AM","Directory"
"C:\tac-portal\lib\validators",,"1/20/2026 1:53:13 AM","Directory"
"C:\tac-portal\lib\constants.ts","2587","1/20/2026 1:53:13 AM","Archive"
"C:\tac-portal\lib\database.types.old.ts","17711","1/22/2026 6:01:07 AM","Archive"
"C:\tac-portal\lib\database.types.ts","35937","1/22/2026 6:01:07 AM","Archive"
"C:\tac-portal\lib\design-tokens.ts","1319","1/21/2026 1:21:56 AM","Archive"
"C:\tac-portal\lib\email.ts","8504","1/20/2026 1:53:13 AM","Archive"
"C:\tac-portal\lib\errors.ts","9056","1/22/2026 8:51:56 AM","Archive"
"C:\tac-portal\lib\feedback.ts","4009","1/22/2026 8:51:56 AM","Archive"
"C:\tac-portal\lib\logger.ts","1634","1/22/2026 6:01:07 AM","Archive"
"C:\tac-portal\lib\motion.ts","1364","1/22/2026 6:01:07 AM","Archive"
"C:\tac-portal\lib\org-helper.ts","2837","1/22/2026 8:51:56 AM","Archive"
"C:\tac-portal\lib\pdf-generator.ts","27616","1/22/2026 8:51:56 AM","Archive"
"C:\tac-portal\lib\query-client.ts","366","1/17/2026 12:19:05 PM","Archive"
"C:\tac-portal\lib\queryKeys.ts","4965","1/22/2026 8:51:56 AM","Archive"
"C:\tac-portal\lib\scanParser.ts","4805","1/22/2026 8:51:56 AM","Archive"
"C:\tac-portal\lib\sentry.ts","8298","1/22/2026 8:51:56 AM","Archive"
"C:\tac-portal\lib\supabase.ts","1548","1/17/2026 11:56:04 AM","Archive"
"C:\tac-portal\lib\tracking-service.ts","4554","1/22/2026 6:01:07 AM","Archive"
"C:\tac-portal\lib\utils.ts","3523","1/17/2026 11:09:01 AM","Archive"
"C:\tac-portal\lib\data-access\index.ts","2189","1/22/2026 8:51:56 AM","Archive"
"C:\tac-portal\lib\data-access\supabase-repository.ts","7132","1/22/2026 8:51:56 AM","Archive"
"C:\tac-portal\lib\hooks\index.ts","232","1/18/2026 10:16:29 AM","Archive"
"C:\tac-portal\lib\hooks\useDebounce.ts","890","1/18/2026 10:11:50 AM","Archive"
"C:\tac-portal\lib\hooks\useIntersectionObserver.ts","2162","1/18/2026 10:12:02 AM","Archive"
"C:\tac-portal\lib\hooks\usePrevious.ts","650","1/18/2026 10:12:01 AM","Archive"
"C:\tac-portal\lib\notifications\index.ts","82","1/20/2026 1:53:13 AM","Archive"
"C:\tac-portal\lib\notifications\service.ts","6469","1/20/2026 1:53:13 AM","Archive"
"C:\tac-portal\lib\notifications\store.ts","4184","1/20/2026 1:53:13 AM","Archive"
"C:\tac-portal\lib\notifications\types.ts","915","1/20/2026 1:53:13 AM","Archive"
"C:\tac-portal\lib\schemas\auth.schema.ts","3573","1/22/2026 6:01:07 AM","Archive"
"C:\tac-portal\lib\schemas\customers.schema.ts","2165","1/20/2026 1:53:13 AM","Archive"
"C:\tac-portal\lib\schemas\index.ts","1193","1/22/2026 6:01:07 AM","Archive"
"C:\tac-portal\lib\schemas\shipment.schema.ts","5029","1/22/2026 6:01:07 AM","Archive"
"C:\tac-portal\lib\services\auditService.ts","4241","1/22/2026 8:51:56 AM","Archive"
"C:\tac-portal\lib\services\customerService.ts","3899","1/22/2026 8:51:56 AM","Archive"
"C:\tac-portal\lib\services\exceptionService.ts","7010","1/22/2026 8:51:56 AM","Archive"
"C:\tac-portal\lib\services\index.ts","460","1/20/2026 1:53:13 AM","Archive"
"C:\tac-portal\lib\services\invoiceService.ts","6559","1/22/2026 8:51:56 AM","Archive"
"C:\tac-portal\lib\services\manifestService.ts","12929","1/22/2026 8:51:56 AM","Archive"
"C:\tac-portal\lib\services\orgService.ts","2162","1/20/2026 1:53:13 AM","Archive"
"C:\tac-portal\lib\services\shiftReportService.ts","14667","1/22/2026 8:51:56 AM","Archive"
"C:\tac-portal\lib\services\shipmentService.ts","9409","1/22/2026 8:51:56 AM","Archive"
"C:\tac-portal\lib\services\staffService.ts","5037","1/22/2026 8:51:56 AM","Archive"
"C:\tac-portal\lib\services\trackingService.ts","3577","1/22/2026 8:51:56 AM","Archive"
"C:\tac-portal\lib\supabase\manifest.ts","5360","1/22/2026 8:51:56 AM","Archive"
"C:\tac-portal\lib\utils\label-utils.ts","4119","1/22/2026 8:51:56 AM","Archive"
"C:\tac-portal\lib\utils\sanitize.ts","5900","1/22/2026 8:56:15 AM","Archive"
"C:\tac-portal\lib\validation\invoice-validator.ts","10153","1/22/2026 6:01:07 AM","Archive"
"C:\tac-portal\lib\validators\manifest.ts","2170","1/20/2026 1:53:13 AM","Archive"
"C:\tac-portal\pages\Analytics.tsx","10653","1/21/2026 1:21:56 AM","Archive"
"C:\tac-portal\pages\Customers.tsx","16589","1/22/2026 6:01:07 AM","Archive"
"C:\tac-portal\pages\Dashboard.tsx","2981","1/21/2026 1:21:56 AM","Archive"
"C:\tac-portal\pages\DevUIKit.tsx","15527","1/21/2026 1:21:56 AM","Archive"
"C:\tac-portal\pages\Exceptions.tsx","11140","1/22/2026 8:51:56 AM","Archive"
"C:\tac-portal\pages\Finance.tsx","24641","1/22/2026 8:51:56 AM","Archive"
"C:\tac-portal\pages\Inventory.tsx","8357","1/21/2026 1:21:56 AM","Archive"
"C:\tac-portal\pages\Landing.tsx","1305","1/18/2026 8:56:58 AM","Archive"
"C:\tac-portal\pages\Management.tsx","12139","1/21/2026 1:21:56 AM","Archive"
"C:\tac-portal\pages\Manifests.tsx","6738","1/22/2026 8:51:56 AM","Archive"
"C:\tac-portal\pages\Notifications.tsx","18004","1/21/2026 1:21:56 AM","Archive"
"C:\tac-portal\pages\PrintLabel.tsx","8808","1/22/2026 8:51:56 AM","Archive"
"C:\tac-portal\pages\PublicTracking.tsx","11860","1/22/2026 6:01:07 AM","Archive"
"C:\tac-portal\pages\Scanning.tsx","18212","1/22/2026 8:51:56 AM","Archive"
"C:\tac-portal\pages\Settings.tsx","8585","1/22/2026 8:51:56 AM","Archive"
"C:\tac-portal\pages\ShiftReport.tsx","18823","1/20/2026 1:53:14 AM","Archive"
"C:\tac-portal\pages\Shipments.tsx","5924","1/22/2026 8:51:56 AM","Archive"
"C:\tac-portal\pages\Tracking.tsx","9287","1/22/2026 8:51:56 AM","Archive"
"C:\tac-portal\playwright-report\data",,"1/22/2026 6:25:22 AM","Directory"
"C:\tac-portal\playwright-report\index.html","572967","1/22/2026 6:25:22 AM","Archive"
"C:\tac-portal\playwright-report\data\4c0a5fab5699de76f54460b85e9b58cf349bb95e.png","112295","1/22/2026 6:25:22 AM","Archive"
"C:\tac-portal\playwright-report\data\685156000cf82be2efbb8954bdf6659d7e3ffb42.md","16940","1/22/2026 6:25:22 AM","Archive"
"C:\tac-portal\public\assets",,"1/18/2026 9:24:52 AM","Directory"
"C:\tac-portal\public\air-cargo.png","6669263","1/22/2026 6:01:07 AM","Archive"
"C:\tac-portal\public\drone-illustration.png","462929","1/18/2026 2:52:02 AM","Archive"
"C:\tac-portal\public\express-air-cargo.png","11079190","1/22/2026 6:01:07 AM","Archive"
"C:\tac-portal\public\express-pick-drop.png","6878154","1/22/2026 6:01:07 AM","Archive"
"C:\tac-portal\public\express-surface-cargo.png","10482883","1/22/2026 6:01:07 AM","Archive"
"C:\tac-portal\public\network-illustration.png","647601","1/18/2026 2:51:49 AM","Archive"
"C:\tac-portal\public\pick-n-drop.png","8930017","1/22/2026 6:01:08 AM","Archive"
"C:\tac-portal\public\plane-label.svg","1055","1/18/2026 6:37:14 AM","Archive"
"C:\tac-portal\public\surface-cargo.png","6949730","1/22/2026 6:01:08 AM","Archive"
"C:\tac-portal\public\tac-hero-bg.jpeg","7778190","1/3/2026 7:14:27 AM","Archive"
"C:\tac-portal\public\truck-illustration.png","541780","1/18/2026 2:51:34 AM","Archive"
"C:\tac-portal\public\truck-label.svg","1218","1/18/2026 6:36:13 AM","Archive"
"C:\tac-portal\public\warehouse-illustration.png","565037","1/18/2026 2:51:20 AM","Archive"
"C:\tac-portal\public\assets\generated",,"1/18/2026 9:28:05 AM","Directory"
"C:\tac-portal\public\assets\generated\air-freight-cyber.png","643608","1/18/2026 9:25:10 AM","Archive"
"C:\tac-portal\public\assets\generated\eco-delivery-cyber.png","632270","1/18/2026 9:25:44 AM","Archive"
"C:\tac-portal\public\assets\generated\ground-logistics-cyber.png","673304","1/18/2026 9:26:03 AM","Archive"
"C:\tac-portal\public\assets\generated\secure-packaging-cyber.png","703912","1/18/2026 9:25:27 AM","Archive"
"C:\tac-portal\scripts\invoice-regression.mjs","3779","1/22/2026 6:01:08 AM","Archive"
"C:\tac-portal\scripts\theme-audit.ps1","3076","1/21/2026 1:21:56 AM","Archive"
"C:\tac-portal\scripts\theme-audit.sh","2563","1/21/2026 1:21:56 AM","Archive"
"C:\tac-portal\store\auditStore.ts","2087","1/22/2026 6:01:08 AM","Archive"
"C:\tac-portal\store\authStore.ts","12595","1/22/2026 8:51:56 AM","Archive"
"C:\tac-portal\store\index.ts","1523","1/20/2026 1:53:14 AM","Archive"
"C:\tac-portal\store\managementStore.ts","5275","1/22/2026 8:51:56 AM","Archive"
"C:\tac-portal\store\noteStore.ts","6049","1/20/2026 1:53:14 AM","Archive"
"C:\tac-portal\store\scanQueueStore.ts","8545","1/22/2026 8:51:56 AM","Archive"
"C:\tac-portal\supabase\functions",,"1/21/2026 1:21:56 AM","Directory"
"C:\tac-portal\supabase\migrations",,"1/22/2026 6:01:08 AM","Directory"
"C:\tac-portal\supabase\functions\close-manifest",,"1/21/2026 1:21:56 AM","Directory"
"C:\tac-portal\supabase\functions\send-email",,"1/21/2026 1:21:56 AM","Directory"
"C:\tac-portal\supabase\functions\deno.json","364","1/21/2026 1:21:56 AM","Archive"
"C:\tac-portal\supabase\functions\close-manifest\index.ts","8269","1/21/2026 1:21:56 AM","Archive"
"C:\tac-portal\supabase\functions\send-email\index.ts","3175","1/21/2026 1:21:56 AM","Archive"
"C:\tac-portal\supabase\migrations\002_rls_policies.sql","13600","1/20/2026 1:53:14 AM","Archive"
"C:\tac-portal\supabase\migrations\003_hub_access_and_constraints.sql","8139","1/20/2026 1:53:14 AM","Archive"
"C:\tac-portal\supabase\migrations\004_invoice_numbering.sql","2642","1/22/2026 6:01:08 AM","Archive"
"C:\tac-portal\supabase\migrations\005_invoice_rls_and_audit.sql","4513","1/22/2026 6:01:08 AM","Archive"
"C:\tac-portal\test-results\enterprise-stress-Performa-8f94b-oard-within-acceptable-time-firefox",,"1/22/2026 6:23:50 AM","Directory"
"C:\tac-portal\test-results\.last-run.json","96","1/22/2026 6:25:22 AM","Archive"
"C:\tac-portal\test-results\enterprise-stress-Performa-8f94b-oard-within-acceptable-time-firefox\error-context.md","16940","1/22/2026 6:23:50 AM","Archive"
"C:\tac-portal\test-results\enterprise-stress-Performa-8f94b-oard-within-acceptable-time-firefox\test-failed-1.png","112295","1/22/2026 6:23:48 AM","Archive"
"C:\tac-portal\tests\e2e",,"1/22/2026 6:01:08 AM","Directory"
"C:\tac-portal\tests\unit",,"1/22/2026 6:01:08 AM","Directory"
"C:\tac-portal\tests\README.md","5288","1/20/2026 1:53:14 AM","Archive"
"C:\tac-portal\tests\setup-test-user.sql","3574","1/20/2026 1:53:14 AM","Archive"
"C:\tac-portal\tests\e2e\auth.setup.ts","1109","1/20/2026 1:53:14 AM","Archive"
"C:\tac-portal\tests\e2e\enterprise-stress.spec.ts","12998","1/22/2026 6:01:08 AM","Archive"
"C:\tac-portal\tests\e2e\manifest-workflow.spec.ts","2678","1/20/2026 1:53:14 AM","Archive"
"C:\tac-portal\tests\e2e\scanning-idempotency.spec.ts","3993","1/22/2026 6:01:08 AM","Archive"
"C:\tac-portal\tests\e2e\shipment-workflow.spec.ts","2576","1/20/2026 1:53:14 AM","Archive"
"C:\tac-portal\tests\unit\components",,"1/22/2026 6:01:08 AM","Directory"
"C:\tac-portal\tests\unit\hooks",,"1/22/2026 6:01:08 AM","Directory"
"C:\tac-portal\tests\unit\lib",,"1/22/2026 8:51:56 AM","Directory"
"C:\tac-portal\tests\unit\store",,"1/22/2026 6:01:08 AM","Directory"
"C:\tac-portal\tests\unit\setup.ts","1858","1/22/2026 6:01:08 AM","Archive"
"C:\tac-portal\tests\unit\components\AppErrorBoundary.test.tsx","3176","1/22/2026 6:01:08 AM","Archive"
"C:\tac-portal\tests\unit\hooks\useDebounce.test.ts","4526","1/22/2026 6:01:08 AM","Archive"
"C:\tac-portal\tests\unit\lib\auth.schema.test.ts","7335","1/22/2026 6:01:08 AM","Archive"
"C:\tac-portal\tests\unit\lib\invoiceCalculator.test.ts","7851","1/22/2026 6:01:08 AM","Archive"
"C:\tac-portal\tests\unit\lib\sanitize.test.ts","9094","1/22/2026 8:51:56 AM","Archive"
"C:\tac-portal\tests\unit\lib\scanParser.test.ts","9585","1/22/2026 6:01:08 AM","Archive"
"C:\tac-portal\tests\unit\lib\shipment.schema.test.ts","8453","1/22/2026 6:01:08 AM","Archive"
"C:\tac-portal\tests\unit\lib\shipmentCreation.test.ts","15235","1/22/2026 6:01:08 AM","Archive"
"C:\tac-portal\tests\unit\lib\shipmentService.test.ts","4210","1/22/2026 8:51:56 AM","Archive"
"C:\tac-portal\tests\unit\lib\shipmentStatusTransition.test.ts","8192","1/22/2026 6:01:08 AM","Archive"
"C:\tac-portal\tests\unit\lib\utils.test.ts","1495","1/22/2026 6:01:08 AM","Archive"
"C:\tac-portal\tests\unit\store\authStore.test.ts","4271","1/22/2026 6:01:08 AM","Archive"
"C:\tac-portal\testsprite_tests\tmp",,"1/22/2026 6:01:08 AM","Directory"
"C:\tac-portal\testsprite_tests\standard_prd.json","11539","1/22/2026 6:01:08 AM","Archive"
"C:\tac-portal\testsprite_tests\TC001_Role_based_authentication_success.py","5177","1/22/2026 6:01:08 AM","Archive"
"C:\tac-portal\testsprite_tests\TC002_Role_based_authentication_failure.py","3644","1/22/2026 6:01:08 AM","Archive"
"C:\tac-portal\testsprite_tests\TC003_Dashboard_real_time_KPI_and_activity_display.py","8032","1/22/2026 6:01:08 AM","Archive"
"C:\tac-portal\testsprite_tests\TC004_Shipment_creation_with_AWB_generation.py","3836","1/22/2026 6:01:08 AM","Archive"
"C:\tac-portal\testsprite_tests\TC005_Shipment_status_lifecycle_progression.py","8115","1/22/2026 6:01:08 AM","Archive"
"C:\tac-portal\testsprite_tests\TC006_Manifest_creation_and_shipment_assignment.py","7692","1/22/2026 6:01:08 AM","Archive"
"C:\tac-portal\testsprite_tests\TC007_Barcode_and_QR_code_scanning_offline_queue_and_synchronization.py","5804","1/22/2026 6:01:08 AM","Archive"
"C:\tac-portal\testsprite_tests\TC008_Duplicate_barcode_scan_detection.py","4939","1/22/2026 6:01:08 AM","Archive"
"C:\tac-portal\testsprite_tests\TC009_Invoice_creation_with_tax_and_discount_calculations.py","11680","1/22/2026 6:01:08 AM","Archive"
"C:\tac-portal\testsprite_tests\TC011_Exception_handling_and_resolution_workflow.py","4678","1/22/2026 6:01:08 AM","Archive"
"C:\tac-portal\testsprite_tests\TC012_Inventory_management_with_bin_location_and_aging_analysis.py","3936","1/22/2026 6:01:08 AM","Archive"
"C:\tac-portal\testsprite_tests\TC013_Internal_and_public_shipment_tracking_event_history.py","4449","1/22/2026 6:01:08 AM","Archive"
"C:\tac-portal\testsprite_tests\TC014_Admin_management_of_staff_roles_and_organizations.py","3572","1/22/2026 6:01:08 AM","Archive"
"C:\tac-portal\testsprite_tests\TC015_Audit_log_viewing_and_export.py","12890","1/22/2026 6:01:08 AM","Archive"
"C:\tac-portal\testsprite_tests\TC016_API_error_handling_and_retry_logic.py","3787","1/22/2026 6:01:08 AM","Archive"
"C:\tac-portal\testsprite_tests\TC017_UI_consistency_for_loading_empty_and_error_states.py","3858","1/22/2026 6:01:08 AM","Archive"
"C:\tac-portal\testsprite_tests\TC018_Accessibility_compliance_for_major_UI_components.py","3766","1/22/2026 6:01:08 AM","Archive"
"C:\tac-portal\testsprite_tests\TC019_Real_time_data_update_and_resource_cleanup.py","5101","1/22/2026 6:01:08 AM","Archive"
"C:\tac-portal\testsprite_tests\testsprite_frontend_test_plan.json","19296","1/22/2026 6:01:08 AM","Archive"
"C:\tac-portal\testsprite_tests\tmp\prd_files",,"1/22/2026 6:01:08 AM","Directory"
"C:\tac-portal\testsprite_tests\tmp\code_summary.json","5848","1/22/2026 6:01:08 AM","Archive"
"C:\tac-portal\testsprite_tests\tmp\config.json","1009","1/22/2026 6:01:08 AM","Archive"
"C:\tac-portal\testsprite_tests\tmp\raw_report.md","44851","1/22/2026 6:01:08 AM","Archive"
"C:\tac-portal\testsprite_tests\tmp\test_results.json","155441","1/22/2026 6:01:08 AM","Archive"
"C:\tac-portal\testsprite_tests\tmp\prd_files\API_REFERENCE.md","18035","1/22/2026 6:01:08 AM","Archive"
"C:\tac-portal\testsprite_tests\tmp\prd_files\CODEGEN_CODE_REVIEW_PROMPT.md","14131","1/22/2026 6:01:08 AM","Archive"
"C:\tac-portal\testsprite_tests\tmp\prd_files\CRUD-implementation.md","21163","1/22/2026 6:01:08 AM","Archive"
"C:\tac-portal\testsprite_tests\tmp\prd_files\CSS_COLOR_AUDIT.md","8970","1/22/2026 6:01:08 AM","Archive"
"C:\tac-portal\testsprite_tests\tmp\prd_files\DEVELOPMENT_GUIDE.md","13802","1/22/2026 6:01:08 AM","Archive"
"C:\tac-portal\testsprite_tests\tmp\prd_files\ENTERPRISE_PLATFORM_PRD.md","50059","1/22/2026 6:01:08 AM","Archive"
"C:\tac-portal\testsprite_tests\tmp\prd_files\FULL_CODEBASE_REVIEW.md","4220","1/22/2026 6:01:08 AM","Archive"
"C:\tac-portal\testsprite_tests\tmp\prd_files\PHASE_IMPLEMENTATION_STATUS.md","12484","1/22/2026 6:01:08 AM","Archive"
"C:\tac-portal\testsprite_tests\tmp\prd_files\PRODUCTION_ENHANCEMENT_PLAN.md","39565","1/22/2026 6:01:08 AM","Archive"
"C:\tac-portal\testsprite_tests\tmp\prd_files\Production-Level QA+Audit.md","11021","1/22/2026 6:01:08 AM","Archive"
"C:\tac-portal\testsprite_tests\tmp\prd_files\README.md","17131","1/22/2026 6:01:08 AM","Archive"
"C:\tac-portal\testsprite_tests\tmp\prd_files\SENTRY_IMPLEMENTATION.md","7272","1/22/2026 6:01:08 AM","Archive"
"C:\tac-portal\testsprite_tests\tmp\prd_files\SENTRY_MCP_SETUP.md","5847","1/22/2026 6:01:08 AM","Archive"
"C:\tac-portal\testsprite_tests\tmp\prd_files\SENTRY_MCP_VERIFICATION.md","4407","1/22/2026 6:01:08 AM","Archive"
"C:\tac-portal\testsprite_tests\tmp\prd_files\SETUP_GUIDE.md","4535","1/22/2026 6:01:08 AM","Archive"
"C:\tac-portal\testsprite_tests\tmp\prd_files\TAC-Cargo-Enhancement-PRD.md","9420","1/22/2026 6:01:08 AM","Archive"
"C:\tac-portal\testsprite_tests\tmp\prd_files\TAC-Cargo-Enhancement-tasks.md","171746","1/22/2026 6:01:08 AM","Archive"
"C:\tac-portal\testsprite_tests\tmp\prd_files\TAC-Cargo-QA-Audit.tasks.md","92764","1/22/2026 6:01:08 AM","Archive"
"C:\tac-portal\types\domain.ts","11146","1/22/2026 8:51:56 AM","Archive"
